{
 "as_of": "2026-07-16T05:57:45.088Z",
 "eth_tvl_by_slug": {
  "lido": 17687743955.16479,
  "aave-v3": 11372997434.0092,
  "morpho-blue": 3599896731.775195,
  "sparklend": 3562165122.478444,
  "spark-liquidity-layer": 1646227285.643565,
  "uniswap-v3": 898380987.956587,
  "curve-dex": 1219831667.841883,
  "compound-v3": 1079224601.2151875,
  "spark-savings": 913558562.7161772,
  "pendle": 648783506.6808618,
  "rocket-pool": 1014272585.2687979,
  "uniswap-v4": 643069947.1686245,
  "uniswap-v2": 644970238.8970951,
  "fluid-lending": 460670098.0757286,
  "euler-v2": 115459423.36114953,
  "fluid-dex": 175332724.4571988,
  "mellow-core": 201569794.19417474,
  "aave-v4": 177072253.44164062,
  "yearn-finance": 120703286.81020895,
  "fluid-lite": 142237300.07851818,
  "liquity-v1": 141529025.05021688,
  "aave-v2": 88917039.30272576,
  "compound-v2": 93587816.32393503,
  "liquity-v2": 79257928.91865426,
  "curve-llamalend": 62162047.66254877,
  "balancer-v2": 23235699.855920408,
  "balancer-v3": 11433046.183000755,
  "mellow-restaking": 21463906.934336226,
  "gearbox": 16802888.6009927,
  "1inch": 2389951.374197317,
  "0x": null,
  "cowswap": null,
  "matcha": null
 },
 "volume_by_name": {
  "1inch": {
   "h24": 58846320,
   "d30": 2179938231
  },
  "CoWSwap": {
   "h24": 80616338,
   "d30": 2419776578
  },
  "0x Aggregator": {
   "h24": 97235023,
   "d30": 2391751388
  }
 }
}