{
 "as_of": "2026-06-23T07:02:04.536Z",
 "eth_tvl_by_slug": {
  "lido": 15435775742.704405,
  "aave-v3": 10054997994.323305,
  "morpho-blue": 3414903797.0773263,
  "sparklend": 3473117498.3777924,
  "spark-liquidity-layer": 2049311642.4302702,
  "spark-savings": 1397319781.5033073,
  "uniswap-v3": 855460115.5694375,
  "curve-dex": 1354030196.9761217,
  "compound-v3": 978393377.7411257,
  "pendle": 699269003.6634533,
  "rocket-pool": 917475494.4386663,
  "uniswap-v4": 721971773.4929186,
  "uniswap-v2": 625502669.6850245,
  "fluid-lending": 363398158.4970169,
  "euler-v2": 134752944.08533454,
  "fluid-dex": 125890687.442455,
  "mellow-core": 187676379.37677652,
  "yearn-finance": 116227846.0604998,
  "aave-v4": 144467634.35410205,
  "liquity-v1": 126861211.37454654,
  "fluid-lite": 126198198.92249751,
  "balancer-v3": 94031492.7369505,
  "aave-v2": 87251307.08035325,
  "compound-v2": 90987273.08040403,
  "liquity-v2": 74038234.97968309,
  "curve-llamalend": 61714724.00608327,
  "balancer-v2": 20143012.535306163,
  "mellow-restaking": 20976853.85271761,
  "gearbox": 14864612.043810172,
  "1inch": 2225177.857424258,
  "0x": null,
  "cowswap": null,
  "matcha": null
 },
 "volume_by_name": {
  "1inch": {
   "h24": 69283483,
   "d30": 1916103157
  },
  "CoWSwap": {
   "h24": 76819475,
   "d30": 3085441487
  },
  "0x Aggregator": {
   "h24": 106816404,
   "d30": 2003938116
  }
 }
}