{
 "as_of": "2026-06-13T07:09:10.499Z",
 "eth_tvl_by_slug": {
  "lido": 14833881140.81227,
  "aave-v3": 9532815367.546026,
  "morpho-blue": 3428354908.0405636,
  "sparklend": 3339183820.8246946,
  "spark-liquidity-layer": 2113394896.1169653,
  "spark-savings": 1730025138.092961,
  "uniswap-v3": 829094663.480135,
  "curve-dex": 1359372457.082535,
  "pendle": 794288486.4594425,
  "compound-v3": 952547362.2822299,
  "rocket-pool": 891557145.7778784,
  "uniswap-v2": 602338185.9386253,
  "uniswap-v4": 472857049.28729916,
  "fluid-lending": 336308912.79233754,
  "euler-v2": 126691565.86910875,
  "fluid-dex": 113334149.04211271,
  "yearn-finance": 118798582.24523246,
  "liquity-v1": 124108847.97173856,
  "fluid-lite": 117022700.07541087,
  "aave-v4": 116114868.82967845,
  "aave-v2": 86975847.66305731,
  "mellow-core": 102639236.83906929,
  "balancer-v3": 68072948.3351019,
  "compound-v2": 89753571.06419823,
  "liquity-v2": 71490146.3270694,
  "curve-llamalend": 63098624.095212854,
  "balancer-v2": 19079184.102131557,
  "mellow-restaking": 21115340.192776017,
  "gearbox": 14236636.087790696,
  "1inch": 2198855.0448811767,
  "0x": null,
  "cowswap": null,
  "matcha": null
 },
 "volume_by_name": {
  "1inch": {
   "h24": 68389918,
   "d30": 2455317875
  },
  "CoWSwap": {
   "h24": 65903909,
   "d30": 3242958895
  },
  "0x Aggregator": {
   "h24": 80972539,
   "d30": 2002467295
  }
 }
}