{
 "as_of": "2026-06-25T06:59:11.962Z",
 "eth_tvl_by_slug": {
  "lido": 14898776085.319715,
  "aave-v3": 9696625879.708788,
  "morpho-blue": 3355720242.088917,
  "sparklend": 3286888196.2103744,
  "spark-liquidity-layer": 1966901730.7822065,
  "spark-savings": 1379871498.376689,
  "uniswap-v3": 824095274.1033437,
  "curve-dex": 1198244770.4175742,
  "compound-v3": 956671468.7754098,
  "pendle": 656311948.2729338,
  "uniswap-v4": 790575005.5719392,
  "rocket-pool": 871717409.8015099,
  "uniswap-v2": 624887946.325172,
  "fluid-lending": 371254988.55035585,
  "euler-v2": 115057585.9845075,
  "fluid-dex": 122086086.4878685,
  "mellow-core": 182519307.98919722,
  "yearn-finance": 112643163.82705212,
  "aave-v4": 142110195.0086589,
  "liquity-v1": 121320563.07872282,
  "balancer-v3": 98341236.70729308,
  "fluid-lite": 120616920.7982632,
  "aave-v2": 85440573.25903018,
  "compound-v2": 87576798.08669372,
  "liquity-v2": 69189949.02713607,
  "curve-llamalend": 60961846.784950405,
  "balancer-v2": 20706966.41491938,
  "mellow-restaking": 19833188.649816863,
  "gearbox": 13994521.928198867,
  "1inch": 2138436.1366148815,
  "0x": null,
  "cowswap": null,
  "matcha": null
 },
 "volume_by_name": {
  "1inch": {
   "h24": 76388768,
   "d30": 2004562867
  },
  "CoWSwap": {
   "h24": 146335725,
   "d30": 3182721746
  },
  "0x Aggregator": {
   "h24": 99954427,
   "d30": 2078912982
  }
 }
}