{
 "as_of": "2026-07-24T06:06:47.827Z",
 "eth_tvl_by_slug": {
  "lido": 17515523594.729527,
  "aave-v3": 11361651876.34718,
  "morpho-blue": 3592919393.810543,
  "sparklend": 3639052495.854775,
  "spark-liquidity-layer": 1587314978.8668752,
  "uniswap-v3": 860886269.350705,
  "curve-dex": 1218157988.7885497,
  "pendle": 669228629.595167,
  "compound-v3": 1045144666.6295016,
  "spark-savings": 924510151.2914637,
  "rocket-pool": 991530754.3730576,
  "uniswap-v4": 637025659.4757415,
  "uniswap-v2": 670546060.160075,
  "fluid-lending": 450329589.7920414,
  "euler-v2": 86807488.6682395,
  "fluid-dex": 186272013.48349008,
  "mellow-core": 191372519.50687882,
  "aave-v4": 183609114.0257087,
  "yearn-finance": 153545218.09451196,
  "fluid-lite": 141913074.74536774,
  "liquity-v1": 137823255.1008391,
  "aave-v2": 88800621.53663728,
  "compound-v2": 92168674.81771213,
  "liquity-v2": 77470359.88513267,
  "curve-llamalend": 62341657.858941495,
  "balancer-v2": 23183806.433137327,
  "balancer-v3": 9532971.676284749,
  "mellow-restaking": 21238397.331813827,
  "gearbox": 16248806.57854128,
  "0x": null,
  "cowswap": null,
  "matcha": null,
  "1inch": null
 },
 "volume_by_name": {
  "CoWSwap": {
   "h24": 60358492,
   "d30": 2372691798
  },
  "0x Aggregator": {
   "h24": 66035098,
   "d30": 2246688074
  }
 }
}