{
 "as_of": "2026-07-02T06:52:58.857Z",
 "eth_tvl_by_slug": {
  "lido": 14930233116.424858,
  "aave-v3": 9777487754.880383,
  "morpho-blue": 3327168558.9250216,
  "sparklend": 3477774829.8832045,
  "spark-liquidity-layer": 2004549830.3584464,
  "spark-savings": 1393586911.8407536,
  "uniswap-v3": 822562555.0651757,
  "curve-dex": 1164916224.0810294,
  "compound-v3": 975239402.3424529,
  "pendle": 621155535.0257,
  "rocket-pool": 866194711.4748605,
  "uniswap-v4": 598529232.2853388,
  "uniswap-v2": 577796825.524093,
  "fluid-lending": 404110268.06361836,
  "euler-v2": 107778213.5507894,
  "fluid-dex": 131827792.54481195,
  "mellow-core": 189596625.54191756,
  "balancer-v3": 133281247.59394509,
  "aave-v4": 142966667.06804967,
  "yearn-finance": 114053725.37455589,
  "liquity-v1": 121144822.37156351,
  "fluid-lite": 115674771.14877898,
  "aave-v2": 84577094.45402016,
  "compound-v2": 86888336.60248882,
  "liquity-v2": 69514294.01207234,
  "curve-llamalend": 61222458.09807255,
  "balancer-v2": 20639549.215084523,
  "mellow-restaking": 19627507.63965836,
  "gearbox": 13965045.512466405,
  "1inch": 2134791.668019649,
  "0x": null,
  "cowswap": null,
  "matcha": null
 },
 "volume_by_name": {
  "1inch": {
   "h24": 94898164,
   "d30": 2105632875
  },
  "CoWSwap": {
   "h24": 85792517,
   "d30": 3178925027
  },
  "0x Aggregator": {
   "h24": 71361799,
   "d30": 2232315031
  }
 }
}