{
 "as_of": "2026-06-24T06:59:18.776Z",
 "eth_tvl_by_slug": {
  "lido": 15082192633.597155,
  "aave-v3": 9829787968.120712,
  "morpho-blue": 3384158096.9149814,
  "sparklend": 3346238456.138974,
  "spark-liquidity-layer": 2041678329.8712246,
  "spark-savings": 1396639335.8184814,
  "uniswap-v3": 835149202.6130219,
  "curve-dex": 1337768622.796429,
  "compound-v3": 961809443.0274798,
  "pendle": 695585505.6804538,
  "rocket-pool": 890588578.0076507,
  "uniswap-v4": 709933228.6940327,
  "uniswap-v2": 635293027.9242624,
  "fluid-lending": 364554056.0170908,
  "euler-v2": 116685721.26087794,
  "fluid-dex": 123634786.68689498,
  "mellow-core": 186489965.6939226,
  "yearn-finance": 114876154.1173205,
  "aave-v4": 142966227.02057862,
  "liquity-v1": 123202019.25035378,
  "fluid-lite": 121881221.0750556,
  "balancer-v3": 96166855.94040643,
  "aave-v2": 86241364.43003745,
  "compound-v2": 89057865.08429867,
  "liquity-v2": 71880826.05536465,
  "curve-llamalend": 61373191.60027864,
  "balancer-v2": 19468291.30010427,
  "mellow-restaking": 20350635.620951287,
  "gearbox": 14389677.818542138,
  "1inch": 2181286.868881405,
  "0x": null,
  "cowswap": null,
  "matcha": null
 },
 "volume_by_name": {
  "1inch": {
   "h24": 86230936,
   "d30": 1966629859
  },
  "CoWSwap": {
   "h24": 73226466,
   "d30": 3142142485
  },
  "0x Aggregator": {
   "h24": 69805495,
   "d30": 2010227901
  }
 }
}