{
 "as_of": "2026-07-10T06:57:40.135Z",
 "eth_tvl_by_slug": {
  "lido": 16280471326.914059,
  "aave-v3": 10184492134.316917,
  "morpho-blue": 3527821521.273948,
  "sparklend": 3649903898.4878297,
  "spark-liquidity-layer": 1699604128.4599676,
  "uniswap-v3": 853646232.8476475,
  "curve-dex": 1192606928.0159764,
  "spark-savings": 984815408.4293121,
  "compound-v3": 1037797770.4492269,
  "pendle": 630510373.8754966,
  "rocket-pool": 938919892.958569,
  "uniswap-v2": 650904591.6044055,
  "uniswap-v4": 573378169.0079538,
  "fluid-lending": 420069950.5669979,
  "euler-v2": 113368554.66769958,
  "fluid-dex": 170728414.5148251,
  "balancer-v3": 197415600.16431704,
  "mellow-core": 175292722.03785968,
  "aave-v4": 163604239.31736475,
  "yearn-finance": 117174663.03742725,
  "liquity-v1": 131369779.51638941,
  "fluid-lite": 129681847.9158094,
  "aave-v2": 87445440.16953054,
  "compound-v2": 89985692.8280144,
  "liquity-v2": 72684150.55484867,
  "curve-llamalend": 60688497.055382766,
  "balancer-v2": 22330416.606016025,
  "mellow-restaking": 20396357.96927958,
  "gearbox": 15272025.742396882,
  "1inch": 2268555.9207676775,
  "0x": null,
  "cowswap": null,
  "matcha": null
 },
 "volume_by_name": {
  "1inch": {
   "h24": 94785324,
   "d30": 2002658724
  },
  "CoWSwap": {
   "h24": 66007241,
   "d30": 2291862292
  },
  "0x Aggregator": {
   "h24": 111683048,
   "d30": 2171696710
  }
 }
}