{
 "as_of": "2026-07-05T06:53:35.027Z",
 "eth_tvl_by_slug": {
  "lido": 16132497917.544361,
  "aave-v3": 10405536900.427212,
  "morpho-blue": 3454582380.798502,
  "sparklend": 3648345957.1739354,
  "spark-liquidity-layer": 1751136714.4887893,
  "spark-savings": 1404484864.6416364,
  "uniswap-v3": 851375520.0222138,
  "curve-dex": 1191148473.595236,
  "compound-v3": 1019823073.9142255,
  "pendle": 639879830.3170383,
  "rocket-pool": 932847790.3740563,
  "uniswap-v4": 704472046.0777142,
  "uniswap-v2": 589030134.349845,
  "fluid-lending": 405806724.2536633,
  "euler-v2": 128653071.68331319,
  "fluid-dex": 147879917.6994852,
  "mellow-core": 208052768.48504254,
  "balancer-v3": 157653778.30231202,
  "aave-v4": 152632235.56489146,
  "yearn-finance": 115268654.01407088,
  "liquity-v1": 130566371.77511612,
  "fluid-lite": 124885234.00700788,
  "aave-v2": 86803296.17984095,
  "compound-v2": 90922546.87979521,
  "liquity-v2": 74811473.02955273,
  "curve-llamalend": 61733129.28339809,
  "balancer-v2": 21810939.275537245,
  "mellow-restaking": 20356225.389312074,
  "gearbox": 15297611.721300727,
  "1inch": 2251910.4528870126,
  "0x": null,
  "cowswap": null,
  "matcha": null
 },
 "volume_by_name": {
  "1inch": {
   "h24": 56537344,
   "d30": 2020796137
  },
  "CoWSwap": {
   "h24": 103699022,
   "d30": 2914742034
  },
  "0x Aggregator": {
   "h24": 60848618,
   "d30": 2168142643
  }
 }
}