{
 "as_of": "2026-07-08T06:09:34.566Z",
 "eth_tvl_by_slug": {
  "lido": 16066946818.68993,
  "aave-v3": 10177650963.848679,
  "morpho-blue": 3454322651.8947067,
  "sparklend": 3572119117.8593593,
  "spark-liquidity-layer": 1677022581.7912495,
  "uniswap-v3": 842373263.5837613,
  "spark-savings": 1116518117.021165,
  "curve-dex": 1163835231.5250473,
  "compound-v3": 1018541000.0637968,
  "pendle": 587919124.1073811,
  "rocket-pool": 929881502.151577,
  "uniswap-v4": 615083451.6567041,
  "uniswap-v2": 643828966.7098063,
  "fluid-lending": 410892431.19137746,
  "fluid-dex": 167906458.43053862,
  "euler-v2": 103881705.01668546,
  "mellow-core": 247431108.93909973,
  "balancer-v3": 175510107.37052515,
  "aave-v4": 157766190.10837433,
  "liquity-v1": 130121413.39647941,
  "fluid-lite": 127267923.52857144,
  "yearn-finance": 88697440.48025428,
  "aave-v2": 86667618.28615898,
  "compound-v2": 89759972.00454018,
  "liquity-v2": 72994823.99059328,
  "curve-llamalend": 60702078.842684716,
  "balancer-v2": 21530491.924740884,
  "mellow-restaking": 20222656.685033496,
  "gearbox": 11030907.301235104,
  "1inch": 2245124.293735444,
  "0x": null,
  "cowswap": null,
  "matcha": null
 },
 "volume_by_name": {
  "1inch": {
   "h24": 65603978,
   "d30": 1919822400
  },
  "CoWSwap": {
   "h24": 107686646,
   "d30": 2413847612
  },
  "0x Aggregator": {
   "h24": 51293115,
   "d30": 2082928469
  }
 }
}