{
 "as_of": "2026-07-21T06:08:55.345Z",
 "eth_tvl_by_slug": {
  "lido": 17692088227.26634,
  "aave-v3": 11563066669.666954,
  "morpho-blue": 3651658417.347883,
  "sparklend": 3667127953.247082,
  "spark-liquidity-layer": 1599598437.755363,
  "uniswap-v3": 870505708.8996977,
  "curve-dex": 1223950709.6609907,
  "compound-v3": 1068171702.8709025,
  "pendle": 654278529.277549,
  "spark-savings": 929238700.559285,
  "rocket-pool": 1018054175.3265532,
  "uniswap-v4": 642221105.4478998,
  "uniswap-v2": 652655582.0790206,
  "fluid-lending": 456231244.9217543,
  "euler-v2": 100457948.69069068,
  "fluid-dex": 186516526.18935066,
  "mellow-core": 205764603.76410675,
  "aave-v4": 182018557.65940365,
  "yearn-finance": 121382594.10213177,
  "fluid-lite": 143458179.754658,
  "liquity-v1": 141498029.80688936,
  "aave-v2": 89392571.24416603,
  "compound-v2": 93657852.91592056,
  "liquity-v2": 79487920.06479049,
  "curve-llamalend": 62215498.59654697,
  "balancer-v2": 22353835.995313738,
  "balancer-v3": 11282696.978001203,
  "mellow-restaking": 21553540.470835757,
  "gearbox": 16666474.57697833,
  "0x": null,
  "cowswap": null,
  "matcha": null,
  "1inch": null
 },
 "volume_by_name": {
  "CoWSwap": {
   "h24": 62583023,
   "d30": 2317710722
  },
  "0x Aggregator": {
   "h24": 36466865,
   "d30": 2338383634
  }
 }
}