{
 "as_of": "2026-06-26T07:06:25.373Z",
 "eth_tvl_by_slug": {
  "lido": 14046526382.889658,
  "aave-v3": 9359891606.746666,
  "morpho-blue": 3265831187.947317,
  "sparklend": 3319182066.9420986,
  "spark-liquidity-layer": 2001381009.5666442,
  "spark-savings": 1382063876.272666,
  "uniswap-v3": 798006951.2891454,
  "curve-dex": 1150444020.349458,
  "compound-v3": 933609867.0782727,
  "uniswap-v4": 840404951.0459776,
  "pendle": 589191477.3327547,
  "rocket-pool": 825882090.8906511,
  "uniswap-v2": 629619042.2199799,
  "fluid-lending": 368675472.6213769,
  "euler-v2": 129476926.6502031,
  "fluid-dex": 116449929.4017685,
  "mellow-core": 174401829.75736377,
  "aave-v4": 145392913.10288134,
  "yearn-finance": 111073680.18105994,
  "balancer-v3": 103537270.17328784,
  "liquity-v1": 114894039.0876333,
  "fluid-lite": 113632690.97361408,
  "aave-v2": 83838591.26120073,
  "compound-v2": 84994714.64808619,
  "liquity-v2": 65785721.50778123,
  "curve-llamalend": 60500244.175058216,
  "balancer-v2": 20362450.50844013,
  "mellow-restaking": 18954330.91531435,
  "gearbox": 13419769.964013062,
  "1inch": 2052919.9973026458,
  "0x": null,
  "cowswap": null,
  "matcha": null
 },
 "volume_by_name": {
  "1inch": {
   "h24": 65398142,
   "d30": 1988934772
  },
  "CoWSwap": {
   "h24": 105946557,
   "d30": 3196691592
  },
  "0x Aggregator": {
   "h24": 106707964,
   "d30": 2134593329
  }
 }
}