{
 "as_of": "2026-07-12T06:15:59.881Z",
 "eth_tvl_by_slug": {
  "lido": 16610469063.677032,
  "aave-v3": 10870470095.022825,
  "morpho-blue": 3543749569.531347,
  "sparklend": 3330130831.787635,
  "spark-liquidity-layer": 1605957749.9322367,
  "uniswap-v3": 859495057.8816708,
  "curve-dex": 1190494425.859643,
  "compound-v3": 1057331988.9157119,
  "spark-savings": 989976967.6616682,
  "pendle": 622118793.6628028,
  "rocket-pool": 957906468.6780149,
  "uniswap-v4": 631028698.5126612,
  "uniswap-v2": 626331372.3494284,
  "fluid-lending": 424679667.6442087,
  "euler-v2": 97794889.54768117,
  "fluid-dex": 172363893.99403697,
  "balancer-v3": 214364648.677398,
  "mellow-core": 181668387.02827242,
  "aave-v4": 166077165.22751972,
  "yearn-finance": 118857236.32978533,
  "liquity-v1": 134051927.94264558,
  "fluid-lite": 132826516.14781329,
  "aave-v2": 87944610.07902183,
  "compound-v2": 90884343.70791222,
  "liquity-v2": 73880681.7840276,
  "curve-llamalend": 61128189.00644405,
  "balancer-v2": 23091233.637713008,
  "mellow-restaking": 20716453.36134208,
  "gearbox": 15891508.65577246,
  "1inch": 2300660.3067715475,
  "0x": null,
  "cowswap": null,
  "matcha": null
 },
 "volume_by_name": {
  "1inch": {
   "h24": 86683519,
   "d30": 2146023762
  },
  "CoWSwap": {
   "h24": 65401230,
   "d30": 2275231568
  },
  "0x Aggregator": {
   "h24": 129377775,
   "d30": 2324492963
  }
 }
}