{
 "as_of": "2026-07-11T05:54:25.642Z",
 "eth_tvl_by_slug": {
  "lido": 16490183219.573643,
  "aave-v3": 10843652827.51616,
  "morpho-blue": 3535071585.2607865,
  "sparklend": 3617957125.00799,
  "spark-liquidity-layer": 1607662770.6427832,
  "uniswap-v3": 858323018.5047356,
  "curve-dex": 1185602416.1713781,
  "spark-savings": 989379226.4657283,
  "compound-v3": 1043494745.1405368,
  "pendle": 623835299.3913842,
  "rocket-pool": 951903035.8607639,
  "uniswap-v4": 581334608.809671,
  "uniswap-v2": 640078257.1175157,
  "fluid-lending": 423052124.5487173,
  "euler-v2": 113780269.11846885,
  "fluid-dex": 172070401.88820833,
  "balancer-v3": 205711008.61621264,
  "mellow-core": 177569510.41849524,
  "aave-v4": 165740409.02488244,
  "yearn-finance": 117921111.95686653,
  "liquity-v1": 133118210.58465144,
  "fluid-lite": 131350596.21997236,
  "aave-v2": 87845394.26039582,
  "compound-v2": 90634425.22883175,
  "liquity-v2": 73293610.26725852,
  "curve-llamalend": 60971758.352249935,
  "balancer-v2": 22674257.232992243,
  "mellow-restaking": 20643920.22182532,
  "gearbox": 15424625.439244082,
  "1inch": 2287863.9532011864,
  "0x": null,
  "cowswap": null,
  "matcha": null
 },
 "volume_by_name": {
  "1inch": {
   "h24": 142084438,
   "d30": 2111581912
  },
  "CoWSwap": {
   "h24": 84744896,
   "d30": 2289914685
  },
  "0x Aggregator": {
   "h24": 134849288,
   "d30": 2276087727
  }
 }
}