{
 "as_of": "2026-07-14T05:42:50.694Z",
 "eth_tvl_by_slug": {
  "lido": 16372443149.169504,
  "aave-v3": 10702594162.54215,
  "morpho-blue": 3507203893.5443287,
  "sparklend": 3345150365.9766645,
  "spark-liquidity-layer": 1597222352.6384752,
  "uniswap-v3": 845370105.5591643,
  "curve-dex": 1192483229.518334,
  "compound-v3": 1036612235.8791823,
  "spark-savings": 959514960.251875,
  "pendle": 630273322.6922898,
  "rocket-pool": 943014425.3224838,
  "uniswap-v4": 625271688.1481425,
  "uniswap-v2": 643736719.1315322,
  "fluid-lending": 420520373.00821733,
  "euler-v2": 116043910.30655988,
  "fluid-dex": 173203244.26818013,
  "balancer-v3": 238249627.7448292,
  "mellow-core": 187871821.5150007,
  "aave-v4": 166152346.64988932,
  "yearn-finance": 118513047.85414599,
  "fluid-lite": 131866509.35778809,
  "liquity-v1": 130945244.11740169,
  "aave-v2": 86887478.33228129,
  "compound-v2": 89477992.96398184,
  "liquity-v2": 72683205.48754148,
  "curve-llamalend": 61760892.29013641,
  "balancer-v2": 22507419.03355909,
  "mellow-restaking": 20239504.513471115,
  "gearbox": 15408421.200245947,
  "1inch": 2259133.0098625547,
  "0x": null,
  "cowswap": null,
  "matcha": null
 },
 "volume_by_name": {
  "1inch": {
   "h24": 55653939,
   "d30": 2204792453
  },
  "CoWSwap": {
   "h24": 111766517,
   "d30": 2364106981
  },
  "0x Aggregator": {
   "h24": 57939189,
   "d30": 2338297856
  }
 }
}