{
 "as_of": "2026-07-03T13:44:51.599Z",
 "eth_tvl_by_slug": {
  "lido": 15853826415.144438,
  "aave-v3": 10296309552.769833,
  "morpho-blue": 3441046323.399161,
  "sparklend": 3653109319.751132,
  "spark-liquidity-layer": 1776914586.6538663,
  "spark-savings": 1412737945.4254608,
  "uniswap-v3": 854622797.4890077,
  "curve-dex": 1186081236.8211799,
  "compound-v3": 1009885143.3596406,
  "pendle": 634431992.3624015,
  "rocket-pool": 923031774.2988813,
  "uniswap-v4": 618465673.8780947,
  "uniswap-v2": 590416026.5837064,
  "fluid-lending": 412688666.63307965,
  "euler-v2": 107841114.64436355,
  "fluid-dex": 147082943.92682862,
  "mellow-core": 202957913.27082014,
  "balancer-v3": 143746950.26895738,
  "aave-v4": 148904189.97996336,
  "yearn-finance": 113826252.61999917,
  "liquity-v1": 129115091.90847048,
  "fluid-lite": 123344506.28582232,
  "aave-v2": 86275611.22530922,
  "compound-v2": 90087326.26015931,
  "liquity-v2": 74007737.65708782,
  "curve-llamalend": 60694027.219925314,
  "balancer-v2": 21575714.4445927,
  "mellow-restaking": 20272080.71226573,
  "gearbox": 15100447.245982168,
  "1inch": 2233744.735560486,
  "0x": null,
  "cowswap": null,
  "matcha": null
 },
 "volume_by_name": {
  "1inch": {
   "h24": 12922289,
   "d30": 2052740986
  },
  "CoWSwap": {
   "h24": 78461072,
   "d30": 3082709994
  },
  "0x Aggregator": {
   "h24": 64268700,
   "d30": 2308684135
  }
 }
}