{
 "as_of": "2026-06-12T14:02:00.586Z",
 "eth_tvl_by_slug": {
  "lido": 14842482198.95741,
  "aave-v3": 9556685096.86632,
  "morpho-blue": 3373949727.69482,
  "sparklend": 3415348748.0871615,
  "spark-liquidity-layer": 2104108464.819936,
  "spark-savings": 1698068006.2210848,
  "uniswap-v3": 835742929.3657328,
  "curve-dex": 1367852942.83888,
  "pendle": 776649165.864938,
  "compound-v3": 955049915.7463092,
  "rocket-pool": 892900261.0479333,
  "uniswap-v2": 621429281.4187509,
  "uniswap-v4": 476780114.8597733,
  "fluid-lending": 338873578.89266205,
  "euler-v2": 126943640.61155611,
  "fluid-dex": 111945070.78585675,
  "yearn-finance": 119085301.61445285,
  "liquity-v1": 124899409.36121559,
  "fluid-lite": 116706770.1048829,
  "aave-v4": 115057029.03574893,
  "aave-v2": 86912019.57565269,
  "mellow-core": 101781479.14398223,
  "balancer-v3": 66364459.205942035,
  "compound-v2": 89828626.18401667,
  "liquity-v2": 71642712.90530527,
  "curve-llamalend": 62489221.74413613,
  "balancer-v2": 19066852.394449636,
  "mellow-restaking": 21277058.107134786,
  "gearbox": 14498155.496100165,
  "1inch": 2208034.924495504,
  "0x": null,
  "cowswap": null,
  "matcha": null
 },
 "volume_by_name": {
  "1inch": {
   "h24": 52241669,
   "d30": 2494116580
  },
  "CoWSwap": {
   "h24": 77635208,
   "d30": 3265331724
  },
  "0x Aggregator": {
   "h24": 80972539,
   "d30": 2086405838
  }
 }
}