{
 "as_of": "2026-06-22T09:25:53.626Z",
 "eth_tvl_by_slug": {
  "lido": 15758648633.256098,
  "aave-v3": 10191909268.756893,
  "morpho-blue": 3439016170.3200107,
  "sparklend": 3514560770.859856,
  "spark-liquidity-layer": 2050122013.566813,
  "spark-savings": 1400820345.0954013,
  "uniswap-v3": 843333432.1259507,
  "curve-dex": 1362625034.5025754,
  "compound-v3": 989362956.7410481,
  "pendle": 699812139.1121275,
  "rocket-pool": 934858448.0560273,
  "uniswap-v4": 721200729.137689,
  "uniswap-v2": 625487400.9617578,
  "fluid-lending": 367606034.76789165,
  "euler-v2": 122073885.60342616,
  "fluid-dex": 127106885.1370369,
  "yearn-finance": 117073264.60506926,
  "aave-v4": 142344593.76794878,
  "mellow-core": 137493473.80114308,
  "liquity-v1": 129471798.65755151,
  "fluid-lite": 128176970.61017673,
  "balancer-v3": 89028690.53479904,
  "aave-v2": 87958144.09753098,
  "compound-v2": 91921788.104074,
  "liquity-v2": 74791848.30175127,
  "curve-llamalend": 61541506.14595486,
  "balancer-v2": 20522420.620778877,
  "mellow-restaking": 21102841.649073094,
  "gearbox": 15610904.85689662,
  "1inch": 2248432.07829752,
  "0x": null,
  "cowswap": null,
  "matcha": null
 },
 "volume_by_name": {
  "1inch": {
   "h24": 30156156,
   "d30": 1888824633
  },
  "CoWSwap": {
   "h24": 35412044,
   "d30": 3065193726
  },
  "0x Aggregator": {
   "h24": 64621665,
   "d30": 1989885069
  }
 }
}