{
 "as_of": "2026-06-20T07:11:54.316Z",
 "eth_tvl_by_slug": {
  "lido": 15393101156.511381,
  "aave-v3": 10043868635.691887,
  "morpho-blue": 3516908650.7674966,
  "sparklend": 3367047482.9302855,
  "spark-liquidity-layer": 2030153662.8428702,
  "spark-savings": 1430893759.4510622,
  "uniswap-v3": 827628282.1028161,
  "curve-dex": 1354340411.9493818,
  "compound-v3": 966817941.3290944,
  "pendle": 713267856.1660894,
  "rocket-pool": 914461357.5507166,
  "uniswap-v4": 720336974.7828825,
  "uniswap-v2": 655209741.1194483,
  "fluid-lending": 357152539.82876015,
  "euler-v2": 137362454.3104961,
  "fluid-dex": 127691145.90708789,
  "yearn-finance": 115257410.51805809,
  "aave-v4": 140894632.4403299,
  "mellow-core": 133715356.00933252,
  "liquity-v1": 127849824.99624315,
  "fluid-lite": 125932050.29270981,
  "balancer-v3": 86012126.069747,
  "aave-v2": 87479542.12169836,
  "compound-v2": 91154644.18862921,
  "liquity-v2": 74190109.38391294,
  "curve-llamalend": 61286496.56896816,
  "balancer-v2": 20171507.558593154,
  "mellow-restaking": 20926845.254188932,
  "gearbox": 15135558.6551872,
  "1inch": 2231902.4336099415,
  "0x": null,
  "cowswap": null,
  "matcha": null
 },
 "volume_by_name": {
  "1inch": {
   "h24": 33920025,
   "d30": 1864414594
  },
  "CoWSwap": {
   "h24": 43804675,
   "d30": 3220332377
  },
  "0x Aggregator": {
   "h24": 92548674,
   "d30": 1951510036
  }
 }
}