{
 "as_of": "2026-06-15T09:39:12.897Z",
 "eth_tvl_by_slug": {
  "lido": 15485148160.447357,
  "aave-v3": 9864498615.24874,
  "morpho-blue": 3493719350.799025,
  "sparklend": 3428835011.2650533,
  "spark-liquidity-layer": 2062403525.108936,
  "spark-savings": 1696186025.0973282,
  "uniswap-v3": 840135849.8975137,
  "curve-dex": 1374172889.3765256,
  "pendle": 794138568.1280384,
  "compound-v3": 977955653.7104305,
  "rocket-pool": 922839960.3530889,
  "uniswap-v2": 616310776.8571168,
  "uniswap-v4": 483710344.0682964,
  "fluid-lending": 354523031.82175314,
  "euler-v2": 126395416.6947981,
  "fluid-dex": 123677666.94112231,
  "yearn-finance": 117299995.19322109,
  "fluid-lite": 132170971.85961825,
  "liquity-v1": 128585306.99813916,
  "aave-v4": 121633320.03542033,
  "aave-v2": 88562213.05527808,
  "mellow-core": 105298141.73615694,
  "balancer-v3": 71256077.12840466,
  "compound-v2": 92085679.40768582,
  "liquity-v2": 74829263.09484808,
  "curve-llamalend": 63139270.25598538,
  "balancer-v2": 20320588.27079601,
  "mellow-restaking": 21811115.729791418,
  "gearbox": 14599650.633885343,
  "1inch": 2268788.096555215,
  "0x": null,
  "cowswap": null,
  "matcha": null
 },
 "volume_by_name": {
  "1inch": {
   "h24": 25272591,
   "d30": 1765276148
  },
  "CoWSwap": {
   "h24": 51460486,
   "d30": 3091524578
  },
  "0x Aggregator": {
   "h24": 33911954,
   "d30": 1942099295
  }
 }
}