{
 "as_of": "2026-06-18T08:22:29.395Z",
 "eth_tvl_by_slug": {
  "lido": 15591838125.391401,
  "aave-v3": 10083653444.85681,
  "morpho-blue": 3532479881.5785456,
  "sparklend": 3403052872.322805,
  "spark-liquidity-layer": 1778775511.0816839,
  "spark-savings": 1458969132.7219243,
  "uniswap-v3": 830462500.7965837,
  "curve-dex": 1356263167.0297859,
  "compound-v3": 971615130.6647123,
  "pendle": 772055323.6477759,
  "rocket-pool": 928589822.7289523,
  "uniswap-v4": 729739328.0889014,
  "uniswap-v2": 631060462.9839658,
  "fluid-lending": 361280081.6821047,
  "euler-v2": 123542387.29449138,
  "fluid-dex": 127319262.22383796,
  "yearn-finance": 116912406.0664482,
  "liquity-v1": 129417258.07156572,
  "aave-v4": 128984904.21805142,
  "fluid-lite": 127282718.06899624,
  "mellow-core": 122714340.37693508,
  "aave-v2": 87808870.3463969,
  "balancer-v3": 79041912.7207861,
  "compound-v2": 91868035.83438927,
  "liquity-v2": 74814268.92923236,
  "curve-llamalend": 61538623.18631001,
  "balancer-v2": 20294929.819729663,
  "mellow-restaking": 21228330.271445524,
  "gearbox": 14347073.776088217,
  "1inch": 2256057.889344145,
  "0x": null,
  "cowswap": null,
  "matcha": null
 },
 "volume_by_name": {
  "1inch": {
   "h24": 55371539,
   "d30": 1840577445
  },
  "CoWSwap": {
   "h24": 88225673,
   "d30": 3201160870
  },
  "0x Aggregator": {
   "h24": 55687620,
   "d30": 1914910633
  }
 }
}