{
 "as_of": "2026-06-19T08:43:30.408Z",
 "eth_tvl_by_slug": {
  "lido": 15285017652.051414,
  "aave-v3": 9950556234.230927,
  "morpho-blue": 3484735463.679699,
  "sparklend": 3349558447.2954106,
  "spark-liquidity-layer": 2069610833.6961737,
  "spark-savings": 1433724083.8549778,
  "uniswap-v3": 818219158.9377767,
  "curve-dex": 1350230933.267517,
  "compound-v3": 958067522.9431899,
  "pendle": 717739891.6719339,
  "rocket-pool": 910836903.1564976,
  "uniswap-v4": 718706203.3581842,
  "uniswap-v2": 653225141.2874434,
  "fluid-lending": 364233899.34990644,
  "euler-v2": 137387695.9177356,
  "fluid-dex": 126610669.57416908,
  "yearn-finance": 115662137.57957081,
  "aave-v4": 138023394.66912732,
  "mellow-core": 134014270.84961444,
  "liquity-v1": 126933440.25760733,
  "fluid-lite": 124323656.89462729,
  "aave-v2": 86910319.29376931,
  "balancer-v3": 83134791.74825768,
  "compound-v2": 90592404.22428676,
  "liquity-v2": 73757567.85412216,
  "curve-llamalend": 61288091.3639288,
  "balancer-v2": 19974504.559388943,
  "mellow-restaking": 20771754.072357446,
  "gearbox": 15203408.01979598,
  "1inch": 2212941.621462646,
  "0x": null,
  "cowswap": null,
  "matcha": null
 },
 "volume_by_name": {
  "1inch": {
   "h24": 87364562,
   "d30": 1889472979
  },
  "CoWSwap": {
   "h24": 103567653,
   "d30": 3227892626
  },
  "0x Aggregator": {
   "h24": 75112582,
   "d30": 1934675250
  }
 }
}