{
 "as_of": "2026-07-06T07:58:20.886Z",
 "eth_tvl_by_slug": {
  "lido": 16233463417.940306,
  "aave-v3": 10444564958.992987,
  "morpho-blue": 3484923283.9298453,
  "sparklend": 3684645398.0378857,
  "spark-liquidity-layer": 1759191760.5429564,
  "spark-savings": 1419670765.2997217,
  "uniswap-v3": 851021723.1407443,
  "curve-dex": 1194755482.3477414,
  "compound-v3": 1026423372.7093456,
  "pendle": 638960107.417567,
  "rocket-pool": 939061871.2129083,
  "uniswap-v4": 622186044.5036792,
  "uniswap-v2": 616434229.1791376,
  "fluid-lending": 409558886.8965134,
  "euler-v2": 115462262.09145102,
  "fluid-dex": 154296182.6376634,
  "mellow-core": 209277180.48963615,
  "balancer-v3": 160093637.86612326,
  "aave-v4": 154487039.79125547,
  "yearn-finance": 114684422.04072165,
  "liquity-v1": 131532954.76826116,
  "fluid-lite": 125769025.59660022,
  "aave-v2": 87023298.4209765,
  "compound-v2": 91209111.63466428,
  "liquity-v2": 75530585.99036403,
  "curve-llamalend": 60804050.96217856,
  "balancer-v2": 21899950.813160527,
  "mellow-restaking": 20438638.22168954,
  "gearbox": 15475035.608651146,
  "1inch": 2259353.7841905006,
  "0x": null,
  "cowswap": null,
  "matcha": null
 },
 "volume_by_name": {
  "1inch": {
   "h24": 22669875,
   "d30": 1897277223
  },
  "CoWSwap": {
   "h24": 22460335,
   "d30": 2603558677
  },
  "0x Aggregator": {
   "h24": 51828486,
   "d30": 2090300262
  }
 }
}