{
 "as_of": "2026-06-21T08:13:40.190Z",
 "eth_tvl_by_slug": {
  "lido": 15637746811.937693,
  "aave-v3": 10161298921.412445,
  "morpho-blue": 3447786967.28547,
  "sparklend": 3461933221.0495133,
  "spark-liquidity-layer": 2043620016.2639067,
  "spark-savings": 1421616080.1121452,
  "uniswap-v3": 839492672.004602,
  "curve-dex": 1361860617.3191035,
  "compound-v3": 987470112.7870388,
  "pendle": 699557950.0422622,
  "rocket-pool": 926679027.7444719,
  "uniswap-v4": 670868795.3838953,
  "uniswap-v2": 638481182.5574603,
  "fluid-lending": 371049157.77973557,
  "euler-v2": 123398557.37546065,
  "fluid-dex": 128758962.83523479,
  "yearn-finance": 116689731.22089812,
  "aave-v4": 140484627.20898983,
  "mellow-core": 136584527.14209664,
  "liquity-v1": 130086621.00124507,
  "fluid-lite": 126502544.49982631,
  "aave-v2": 87854050.67805378,
  "balancer-v3": 85554278.70575614,
  "compound-v2": 91736879.20594966,
  "liquity-v2": 74475674.21746135,
  "curve-llamalend": 61282537.77241181,
  "balancer-v2": 20497892.16755161,
  "mellow-restaking": 21147439.92725794,
  "gearbox": 15348175.535718566,
  "1inch": 2251190.0953379925,
  "0x": null,
  "cowswap": null,
  "matcha": null
 },
 "volume_by_name": {
  "1inch": {
   "h24": 100074025,
   "d30": 1916546720
  },
  "CoWSwap": {
   "h24": 24007434,
   "d30": 3158844690
  },
  "0x Aggregator": {
   "h24": 61373070,
   "d30": 1973340260
  }
 }
}