{
 "as_of": "2026-06-16T09:06:58.195Z",
 "eth_tvl_by_slug": {
  "lido": 15910503787.64381,
  "aave-v3": 10078181985.838364,
  "morpho-blue": 3559631527.7125177,
  "sparklend": 3448360550.0225096,
  "spark-liquidity-layer": 2066664988.3618083,
  "spark-savings": 1703144467.2201848,
  "uniswap-v3": 846015334.7250559,
  "curve-dex": 1380901268.959237,
  "pendle": 804781171.152603,
  "compound-v3": 994655585.0449088,
  "rocket-pool": 948257668.5293013,
  "uniswap-v2": 611418627.3738294,
  "uniswap-v4": 485376143.23315686,
  "fluid-lending": 363871510.83938915,
  "euler-v2": 126437424.37287293,
  "fluid-dex": 128084624.25260155,
  "yearn-finance": 118890860.30256905,
  "fluid-lite": 134682278.81100017,
  "liquity-v1": 132111519.92363551,
  "aave-v4": 129570702.83817917,
  "mellow-core": 121991725.45284477,
  "aave-v2": 89430090.693069,
  "balancer-v3": 74166595.67866708,
  "compound-v2": 93567616.01542702,
  "liquity-v2": 76977164.96388377,
  "curve-llamalend": 62595752.56012506,
  "balancer-v2": 20876653.615322843,
  "mellow-restaking": 22276450.118303247,
  "gearbox": 15540604.637725241,
  "1inch": 2311425.0650631655,
  "0x": null,
  "cowswap": null,
  "matcha": null
 },
 "volume_by_name": {
  "1inch": {
   "h24": 124953228,
   "d30": 1831521900
  },
  "CoWSwap": {
   "h24": 105365450,
   "d30": 3150355542
  },
  "0x Aggregator": {
   "h24": 37580922,
   "d30": 1940694344
  }
 }
}