{
 "as_of": "2026-07-04T06:31:29.819Z",
 "eth_tvl_by_slug": {
  "lido": 16080401137.697422,
  "aave-v3": 10384916020.664755,
  "morpho-blue": 3463972127.7259955,
  "sparklend": 3645767794.367303,
  "spark-liquidity-layer": 1760691660.713852,
  "spark-savings": 1407019502.0228384,
  "uniswap-v3": 857325100.7215675,
  "curve-dex": 1190058736.9083278,
  "compound-v3": 1016034310.2464331,
  "pendle": 642109113.7360436,
  "rocket-pool": 928892265.8916436,
  "uniswap-v4": 623092071.3582587,
  "uniswap-v2": 575928480.3972716,
  "fluid-lending": 401310343.66682905,
  "euler-v2": 127966055.93055476,
  "fluid-dex": 147761624.42609048,
  "mellow-core": 205646463.78835884,
  "balancer-v3": 149863981.53279424,
  "aave-v4": 151193218.39257523,
  "yearn-finance": 114257857.28431505,
  "liquity-v1": 130000750.60611485,
  "fluid-lite": 124248765.89336687,
  "aave-v2": 86633042.50808635,
  "compound-v2": 90551891.61402197,
  "liquity-v2": 74462513.63184729,
  "curve-llamalend": 60608525.83448143,
  "balancer-v2": 21817460.20899076,
  "mellow-restaking": 20269158.665185906,
  "gearbox": 15221473.988585088,
  "1inch": 2250534.8235265557,
  "0x": null,
  "cowswap": null,
  "matcha": null
 },
 "volume_by_name": {
  "1inch": {
   "h24": 88189709,
   "d30": 2049435632
  },
  "CoWSwap": {
   "h24": 72440081,
   "d30": 3063437040
  },
  "0x Aggregator": {
   "h24": 64268700,
   "d30": 2216854820
  }
 }
}