{
 "as_of": "2026-07-20T06:28:43.225Z",
 "eth_tvl_by_slug": {
  "lido": 17065066400.873072,
  "aave-v3": 11292717565.38439,
  "morpho-blue": 3639954172.28315,
  "sparklend": 3613158670.7774324,
  "spark-liquidity-layer": 1597131424.4735022,
  "uniswap-v3": 859387506.5151361,
  "curve-dex": 1214527221.8668625,
  "compound-v3": 1047300732.9511776,
  "spark-savings": 927591394.4653871,
  "pendle": 648338662.5544046,
  "rocket-pool": 982161326.8650297,
  "uniswap-v4": 636809088.2003452,
  "uniswap-v2": 659469719.3728101,
  "fluid-lending": 445960954.424559,
  "euler-v2": 100656377.2277836,
  "fluid-dex": 181750495.39137226,
  "mellow-core": 207738563.23165148,
  "aave-v4": 178892277.39365542,
  "yearn-finance": 120242527.60392845,
  "fluid-lite": 139118439.03932905,
  "liquity-v1": 136528394.08838668,
  "aave-v2": 88201916.90890524,
  "compound-v2": 91602241.95195009,
  "liquity-v2": 76850109.73548079,
  "curve-llamalend": 62012805.32690953,
  "balancer-v2": 21930925.882652238,
  "balancer-v3": 11088286.340935562,
  "mellow-restaking": 21079189.771990273,
  "gearbox": 16377114.87341098,
  "0x": null,
  "cowswap": null,
  "matcha": null,
  "1inch": null
 },
 "volume_by_name": {
  "CoWSwap": {
   "h24": 28660733,
   "d30": 2283592974
  },
  "0x Aggregator": {
   "h24": 56804756,
   "d30": 2366868275
  }
 }
}