{
 "as_of": "2026-07-22T06:07:36.944Z",
 "eth_tvl_by_slug": {
  "lido": 17900037150.467476,
  "aave-v3": 11597597391.840261,
  "morpho-blue": 3636032546.0041833,
  "sparklend": 3717213369.3520937,
  "spark-liquidity-layer": 1622633394.416344,
  "uniswap-v3": 876217947.7350924,
  "curve-dex": 1228362017.3306055,
  "compound-v3": 1074226844.6376843,
  "pendle": 668639649.92227,
  "spark-savings": 921470876.5619959,
  "rocket-pool": 1021873345.3366791,
  "uniswap-v4": 644759266.4163592,
  "uniswap-v2": 658458393.5899965,
  "fluid-lending": 457192530.65653074,
  "euler-v2": 101422545.94506088,
  "fluid-dex": 184269324.76317003,
  "mellow-core": 197220567.9770084,
  "aave-v4": 183044037.5866587,
  "fluid-lite": 145830475.85958356,
  "yearn-finance": 118282042.95646545,
  "liquity-v1": 141959412.87127012,
  "aave-v2": 89845084.1983301,
  "compound-v2": 94125002.08905342,
  "liquity-v2": 79535818.46735245,
  "curve-llamalend": 62289182.98640484,
  "balancer-v2": 24370080.194551744,
  "balancer-v3": 11294596.953959107,
  "mellow-restaking": 21725229.22022785,
  "gearbox": 16660929.949968835,
  "0x": null,
  "cowswap": null,
  "matcha": null,
  "1inch": null
 },
 "volume_by_name": {
  "CoWSwap": {
   "h24": 101615405,
   "d30": 2396489716
  },
  "0x Aggregator": {
   "h24": 52984146,
   "d30": 2284099625
  }
 }
}