{
 "as_of": "2026-07-17T05:58:13.417Z",
 "eth_tvl_by_slug": {
  "lido": 17039874035.402428,
  "aave-v3": 11086569130.066696,
  "morpho-blue": 3576257260.3925996,
  "sparklend": 3484799014.05757,
  "spark-liquidity-layer": 1648339433.8519793,
  "uniswap-v3": 866483473.8249915,
  "curve-dex": 1211015099.5232756,
  "compound-v3": 1041159883.4272851,
  "spark-savings": 909384697.6917543,
  "pendle": 648109656.1590558,
  "rocket-pool": 981339946.8449665,
  "uniswap-v4": 634632107.9641951,
  "uniswap-v2": 633250337.1475236,
  "fluid-lending": 452222758.3034769,
  "euler-v2": 115359823.13058518,
  "fluid-dex": 171325297.30976975,
  "mellow-core": 196779017.70834342,
  "aave-v4": 175404384.45659754,
  "yearn-finance": 119516599.60016358,
  "fluid-lite": 137460619.98405477,
  "liquity-v1": 136147601.06842038,
  "aave-v2": 87595448.01591414,
  "compound-v2": 91489013.00654921,
  "liquity-v2": 76122538.70636174,
  "curve-llamalend": 61720290.34531713,
  "balancer-v2": 22308856.4976783,
  "balancer-v3": 11139168.048982615,
  "mellow-restaking": 20771339.766850375,
  "gearbox": 15242457.109378332,
  "1inch": 2329089.821316264,
  "0x": null,
  "cowswap": null,
  "matcha": null
 },
 "volume_by_name": {
  "1inch": {
   "h24": 46482812,
   "d30": 2152572894
  },
  "CoWSwap": {
   "h24": 82947711,
   "d30": 2402920773
  },
  "0x Aggregator": {
   "h24": 64169780,
   "d30": 2399658794
  }
 }
}