{
 "as_of": "2026-06-14T07:59:55.993Z",
 "eth_tvl_by_slug": {
  "lido": 14980216462.0284,
  "aave-v3": 9627996492.090834,
  "morpho-blue": 3432192155.5657883,
  "sparklend": 3365598961.0794554,
  "spark-liquidity-layer": 2050250001.2249389,
  "spark-savings": 1687562016.2252462,
  "uniswap-v3": 822886221.2565883,
  "curve-dex": 1364285714.8950577,
  "pendle": 798000487.232478,
  "compound-v3": 960148852.076809,
  "rocket-pool": 900715350.629158,
  "uniswap-v2": 596832890.9431279,
  "uniswap-v4": 478597725.5000177,
  "fluid-lending": 340219561.74276483,
  "euler-v2": 126905726.05901863,
  "fluid-dex": 123743090.10253537,
  "yearn-finance": 119201032.94352917,
  "liquity-v1": 125570503.91003953,
  "fluid-lite": 118544350.90756845,
  "aave-v4": 117541076.2690974,
  "aave-v2": 87523249.20419943,
  "mellow-core": 102280600.38483483,
  "balancer-v3": 70370090.0048679,
  "compound-v2": 90284521.70999703,
  "liquity-v2": 72250826.13573614,
  "curve-llamalend": 62132410.43360083,
  "balancer-v2": 19504211.482613813,
  "mellow-restaking": 21234197.84683054,
  "gearbox": 14184575.32072451,
  "1inch": 2215688.370718005,
  "0x": null,
  "cowswap": null,
  "matcha": null
 },
 "volume_by_name": {
  "1inch": {
   "h24": 20497565,
   "d30": 2388702167
  },
  "CoWSwap": {
   "h24": 18388867,
   "d30": 3170645925
  },
  "0x Aggregator": {
   "h24": 81469753,
   "d30": 1984181624
  }
 }
}