{
 "as_of": "2026-07-15T05:44:16.699Z",
 "eth_tvl_by_slug": {
  "lido": 17224269294.476795,
  "aave-v3": 11207204833.221949,
  "morpho-blue": 3604785740.733592,
  "sparklend": 3556004157.5757008,
  "spark-liquidity-layer": 1671855571.4857259,
  "uniswap-v3": 867032646.108006,
  "curve-dex": 1209262779.2066572,
  "compound-v3": 1067967066.0720218,
  "spark-savings": 920581547.7274959,
  "pendle": 631792066.1555543,
  "rocket-pool": 991962461.4174144,
  "uniswap-v4": 643941457.5416359,
  "uniswap-v2": 642448299.4469299,
  "fluid-lending": 443740666.7297353,
  "euler-v2": 114353476.83316712,
  "fluid-dex": 173212354.33433887,
  "balancer-v3": 244201409.16312233,
  "mellow-core": 197723056.83878505,
  "aave-v4": 171322301.59817347,
  "yearn-finance": 120711609.49113443,
  "fluid-lite": 138829596.84194228,
  "liquity-v1": 137839091.7217505,
  "aave-v2": 88673728.40204701,
  "compound-v2": 92106599.6039961,
  "liquity-v2": 76996076.34999101,
  "curve-llamalend": 62305492.60489801,
  "balancer-v2": 23235511.691236228,
  "mellow-restaking": 21152627.437925544,
  "gearbox": 16293654.993229648,
  "1inch": 2362779.3213577624,
  "0x": null,
  "cowswap": null,
  "matcha": null
 },
 "volume_by_name": {
  "1inch": {
   "h24": 66525277,
   "d30": 2246045139
  },
  "CoWSwap": {
   "h24": 117579571,
   "d30": 2455110502
  },
  "0x Aggregator": {
   "h24": 82533968,
   "d30": 2383250902
  }
 }
}