{
 "as_of": "2026-06-12T10:25:14.892Z",
 "eth_tvl_by_slug": {
  "lido": 14913982599.188665,
  "aave-v3": 9500763106.248281,
  "morpho-blue": 3361354951.1274085,
  "sparklend": 3367106995.5580215,
  "spark-liquidity-layer": 2105105464.1652527,
  "spark-savings": 1674871498.4599485,
  "curve-dex": 1366970661.0947547,
  "uniswap-v3": 824803347.9096736,
  "pendle": 774608569.768284,
  "compound-v3": 952191303.586712,
  "rocket-pool": 895373303.7869366,
  "uniswap-v2": 621429281.4187509,
  "uniswap-v4": 472119212.74086964,
  "fluid-lending": 337454147.8139103,
  "euler-v2": 126967253.98315972,
  "fluid-dex": 113024598.13048233,
  "yearn-finance": 119350293.85439728,
  "liquity-v1": 124820814.57465433,
  "fluid-lite": 116543211.22005829,
  "aave-v4": 115220306.52359053,
  "aave-v2": 87007094.20618331,
  "mellow-core": 100799591.37621716,
  "compound-v2": 89998801.39939052,
  "balancer-v3": 66045930.309928134,
  "liquity-v2": 71072447.74572012,
  "curve-llamalend": 62731064.2439703,
  "balancer-v2": 19048549.873979814,
  "mellow-restaking": 21220177.905181233,
  "gearbox": 14373569.585373918,
  "1inch": 2202775.002911419,
  "0x": null,
  "cowswap": null,
  "matcha": null
 },
 "volume_by_name": {
  "1inch": {
   "h24": 52241669,
   "d30": 2494116580
  },
  "CoWSwap": {
   "h24": 92367110,
   "d30": 3265331724
  },
  "0x Aggregator": {
   "h24": 69884890,
   "d30": 2005433299
  }
 }
}