{
 "as_of": "2026-06-17T08:39:45.801Z",
 "eth_tvl_by_slug": {
  "lido": 16071472958.730282,
  "aave-v3": 10336514267.014132,
  "morpho-blue": 3580993933.7001266,
  "sparklend": 3485945368.718354,
  "spark-liquidity-layer": 1815660140.2828064,
  "spark-savings": 1461871554.1236115,
  "uniswap-v3": 853335063.852094,
  "curve-dex": 1373437893.8561664,
  "pendle": 810800246.430461,
  "compound-v3": 995884869.8693821,
  "rocket-pool": 958656562.5599257,
  "uniswap-v4": 727822340.6396981,
  "uniswap-v2": 618034655.7191929,
  "fluid-lending": 367699238.0073361,
  "euler-v2": 139396554.0962542,
  "fluid-dex": 128580052.85216747,
  "yearn-finance": 118537752.1605802,
  "liquity-v1": 133431493.25052719,
  "fluid-lite": 130233534.65527052,
  "aave-v4": 129167937.28248103,
  "mellow-core": 123702843.73678628,
  "aave-v2": 89156194.39485456,
  "balancer-v3": 77826010.60794294,
  "compound-v2": 94014377.96067888,
  "liquity-v2": 77624925.76475507,
  "curve-llamalend": 62073073.672557846,
  "balancer-v2": 20991028.928885095,
  "mellow-restaking": 22181258.714067526,
  "gearbox": 15662519.21109954,
  "1inch": 2323479.4346591057,
  "0x": null,
  "cowswap": null,
  "matcha": null
 },
 "volume_by_name": {
  "1inch": {
   "h24": 73848149,
   "d30": 1869308876
  },
  "CoWSwap": {
   "h24": 90653156,
   "d30": 3197643500
  },
  "0x Aggregator": {
   "h24": 87107452,
   "d30": 1956861485
  }
 }
}