{
 "as_of": "2026-06-27T06:40:03.740Z",
 "eth_tvl_by_slug": {
  "lido": 14341864999.977955,
  "aave-v3": 9608849977.281763,
  "morpho-blue": 3301891694.4040236,
  "sparklend": 3436148215.980936,
  "spark-liquidity-layer": 2009347236.8913677,
  "spark-savings": 1397979935.0006764,
  "uniswap-v3": 810483706.0555042,
  "curve-dex": 1154860288.314423,
  "compound-v3": 943874721.108554,
  "uniswap-v4": 835285544.5292934,
  "pendle": 593013962.021975,
  "rocket-pool": 840055005.9835968,
  "uniswap-v2": 608882805.1984677,
  "fluid-lending": 370422078.57013893,
  "euler-v2": 129629134.38124552,
  "fluid-dex": 118162624.88531554,
  "mellow-core": 177047733.54148713,
  "aave-v4": 147489891.88831612,
  "yearn-finance": 111971866.31805953,
  "balancer-v3": 107636924.27487284,
  "liquity-v1": 117038536.64078489,
  "fluid-lite": 113183061.60343163,
  "aave-v2": 84315288.78216688,
  "compound-v2": 85872197.38053536,
  "liquity-v2": 66798425.921190344,
  "curve-llamalend": 60719488.21212046,
  "balancer-v2": 21639137.295078587,
  "mellow-restaking": 19045675.971763253,
  "gearbox": 13754542.61983674,
  "1inch": 2083172.2273247396,
  "0x": null,
  "cowswap": null,
  "matcha": null
 },
 "volume_by_name": {
  "1inch": {
   "h24": 92764096,
   "d30": 2014631036
  },
  "CoWSwap": {
   "h24": 155090954,
   "d30": 3219242902
  },
  "0x Aggregator": {
   "h24": 84367521,
   "d30": 2143055364
  }
 }
}