{
 "as_of": "2026-07-18T05:38:36.857Z",
 "eth_tvl_by_slug": {
  "lido": 16937231274.515137,
  "aave-v3": 11162070700.392733,
  "morpho-blue": 3597513651.8968163,
  "sparklend": 3530202944.735032,
  "spark-liquidity-layer": 1517874010.8415198,
  "uniswap-v3": 855640930.3949991,
  "curve-dex": 1206715989.2563028,
  "compound-v3": 1037805976.7773157,
  "spark-savings": 915710104.0970864,
  "pendle": 648451180.9189869,
  "rocket-pool": 973019013.3192685,
  "uniswap-v4": 631085918.2260603,
  "uniswap-v2": 670370408.8111742,
  "fluid-lending": 438351527.3886711,
  "euler-v2": 116539080.35077657,
  "fluid-dex": 175146655.5723347,
  "mellow-core": 195889614.04562995,
  "aave-v4": 175580664.40238622,
  "yearn-finance": 119225648.55562626,
  "fluid-lite": 136786093.4842376,
  "liquity-v1": 135217426.00115776,
  "aave-v2": 87749793.32244137,
  "compound-v2": 91207713.99893889,
  "liquity-v2": 75391176.2699288,
  "curve-llamalend": 62068700.09019277,
  "balancer-v2": 22341993.56775832,
  "balancer-v3": 11106984.2846325,
  "mellow-restaking": 20781257.777708676,
  "gearbox": 15212159.517384442,
  "0x": null,
  "cowswap": null,
  "matcha": null,
  "1inch": null
 },
 "volume_by_name": {
  "CoWSwap": {
   "h24": 60415543,
   "d30": 2377265626
  },
  "0x Aggregator": {
   "h24": 47768568,
   "d30": 2369304723
  }
 }
}