{
 "as_of": "2026-06-29T08:28:35.958Z",
 "eth_tvl_by_slug": {
  "lido": 14350719428.14925,
  "aave-v3": 9644673679.063597,
  "morpho-blue": 3290095611.7746882,
  "sparklend": 3449676509.1548553,
  "spark-liquidity-layer": 2020525021.2479534,
  "spark-savings": 1392812265.6852927,
  "uniswap-v3": 809906140.2401386,
  "curve-dex": 1149534107.6009746,
  "compound-v3": 943429858.0550951,
  "uniswap-v4": 795286357.194917,
  "pendle": 588166558.0743594,
  "rocket-pool": 841982307.7536111,
  "uniswap-v2": 575656874.903111,
  "fluid-lending": 379890455.94853556,
  "euler-v2": 117045265.18179946,
  "fluid-dex": 123034446.17899631,
  "mellow-core": 178814651.36116582,
  "aave-v4": 149662676.3422651,
  "yearn-finance": 111779922.4880887,
  "balancer-v3": 116612655.24637942,
  "liquity-v1": 117111571.24570242,
  "fluid-lite": 112167348.44458562,
  "aave-v2": 83755670.85114297,
  "compound-v2": 85665890.1843982,
  "liquity-v2": 67235717.06425013,
  "curve-llamalend": 60581469.670361996,
  "balancer-v2": 21279671.36100377,
  "mellow-restaking": 18926830.032839615,
  "gearbox": 13782542.144614374,
  "1inch": 2082713.6045882246,
  "0x": null,
  "cowswap": null,
  "matcha": null
 },
 "volume_by_name": {
  "1inch": {
   "h24": 31768168,
   "d30": 1930374075
  },
  "CoWSwap": {
   "h24": 24410519,
   "d30": 3031845633
  },
  "0x Aggregator": {
   "h24": 32277033,
   "d30": 2155821565
  }
 }
}