{
 "as_of": "2026-07-23T06:12:55.851Z",
 "eth_tvl_by_slug": {
  "lido": 17877391376.200413,
  "aave-v3": 11473887313.828354,
  "morpho-blue": 3606473849.5116596,
  "sparklend": 3714559407.127629,
  "spark-liquidity-layer": 1617743193.5820584,
  "uniswap-v3": 873894350.0080789,
  "curve-dex": 1228573879.475559,
  "pendle": 668075362.5461409,
  "compound-v3": 1059255370.5544145,
  "spark-savings": 921435597.7256027,
  "rocket-pool": 1017081859.2161572,
  "uniswap-v4": 646873230.9513506,
  "uniswap-v2": 661601939.3881482,
  "fluid-lending": 453739358.3043675,
  "euler-v2": 102788664.29486053,
  "fluid-dex": 187782596.00003105,
  "mellow-core": 194719469.8028666,
  "aave-v4": 186864816.09079632,
  "yearn-finance": 154696890.1217734,
  "fluid-lite": 144993276.13235754,
  "liquity-v1": 141293957.26657763,
  "aave-v2": 89414435.41750613,
  "compound-v2": 93347907.17439203,
  "liquity-v2": 78516993.93153955,
  "curve-llamalend": 61918953.30410354,
  "balancer-v2": 24088133.952967327,
  "balancer-v3": 11259987.086856235,
  "mellow-restaking": 21560795.999055468,
  "gearbox": 16586688.056051765,
  "0x": null,
  "cowswap": null,
  "matcha": null,
  "1inch": null
 },
 "volume_by_name": {
  "CoWSwap": {
   "h24": 65185372,
   "d30": 2390914430
  },
  "0x Aggregator": {
   "h24": 68123727,
   "d30": 2282132430
  }
 }
}