{
 "as_of": "2026-07-13T06:33:32.139Z",
 "eth_tvl_by_slug": {
  "lido": 16363669518.026981,
  "aave-v3": 10704123034.726515,
  "morpho-blue": 3514280155.1579475,
  "sparklend": 3283393669.5106096,
  "spark-liquidity-layer": 1579239361.5485342,
  "uniswap-v3": 849120761.5359427,
  "curve-dex": 1191558532.9575956,
  "compound-v3": 1042833606.6144351,
  "spark-savings": 963245927.2888372,
  "pendle": 622789408.3375227,
  "rocket-pool": 942514289.700073,
  "uniswap-v4": 630949542.8217698,
  "uniswap-v2": 628862374.9782056,
  "fluid-lending": 421885842.36915237,
  "euler-v2": 99314313.76833758,
  "fluid-dex": 171331369.3357404,
  "balancer-v3": 226422141.07408002,
  "mellow-core": 181345443.00893354,
  "aave-v4": 164375692.90242624,
  "yearn-finance": 118535077.25534274,
  "fluid-lite": 131123624.66140942,
  "liquity-v1": 130827401.00549847,
  "aave-v2": 86988564.17316957,
  "compound-v2": 89584764.52733967,
  "liquity-v2": 72698693.5418706,
  "curve-llamalend": 61344477.30051974,
  "balancer-v2": 22618064.838989183,
  "mellow-restaking": 20267692.15256798,
  "gearbox": 15689640.92173358,
  "1inch": 2259886.6361339176,
  "0x": null,
  "cowswap": null,
  "matcha": null
 },
 "volume_by_name": {
  "1inch": {
   "h24": 92002235,
   "d30": 2169636079
  },
  "CoWSwap": {
   "h24": 69498941,
   "d30": 2239908560
  },
  "0x Aggregator": {
   "h24": 71247411,
   "d30": 2314270621
  }
 }
}