{
 "as_of": "2026-07-01T07:52:42.587Z",
 "eth_tvl_by_slug": {
  "lido": 14532244184.168184,
  "aave-v3": 9586288743.490253,
  "morpho-blue": 3238712253.0422516,
  "sparklend": 3406272413.5738473,
  "spark-liquidity-layer": 2022932723.4451234,
  "spark-savings": 1398090013.5634232,
  "uniswap-v3": 813429267.7016122,
  "curve-dex": 1139392004.4590838,
  "compound-v3": 936053862.2826419,
  "pendle": 612618257.435976,
  "rocket-pool": 841774084.7662516,
  "uniswap-v4": 594871273.9983689,
  "uniswap-v2": 578871956.404837,
  "fluid-lending": 388870424.38024896,
  "euler-v2": 116863216.9799439,
  "fluid-dex": 124888461.92642589,
  "mellow-core": 183411236.94664326,
  "balancer-v3": 127666856.26123223,
  "yearn-finance": 112107731.35428153,
  "aave-v4": 139982349.0288848,
  "liquity-v1": 117945344.57094501,
  "fluid-lite": 111927646.34093632,
  "aave-v2": 82935458.68200095,
  "compound-v2": 85299987.21147297,
  "liquity-v2": 67689304.4314915,
  "curve-llamalend": 60532624.06284514,
  "balancer-v2": 20827275.697545227,
  "mellow-restaking": 18809749.09779693,
  "gearbox": 13888186.437191004,
  "1inch": 2076245.3448147539,
  "0x": null,
  "cowswap": null,
  "matcha": null
 },
 "volume_by_name": {
  "1inch": {
   "h24": 59976491,
   "d30": 2066384615
  },
  "CoWSwap": {
   "h24": 99077418,
   "d30": 3168454526
  },
  "0x Aggregator": {
   "h24": 103093895,
   "d30": 2229825775
  }
 }
}