{
 "as_of": "2026-07-19T06:12:39.536Z",
 "eth_tvl_by_slug": {
  "lido": 17164736502.364225,
  "aave-v3": 11297931352.688967,
  "morpho-blue": 3683299794.1394644,
  "sparklend": 3636126291.4852257,
  "spark-liquidity-layer": 1609870744.9722185,
  "uniswap-v3": 862434663.0968285,
  "curve-dex": 1214591053.2475376,
  "compound-v3": 1050169462.8738627,
  "spark-savings": 935018830.5732777,
  "pendle": 652653326.5126746,
  "rocket-pool": 987791922.7935518,
  "uniswap-v4": 636223648.8164713,
  "uniswap-v2": 679255484.5721484,
  "fluid-lending": 445496048.8983581,
  "euler-v2": 100913381.83168778,
  "fluid-dex": 180296200.88937315,
  "mellow-core": 199267204.25554445,
  "aave-v4": 177540070.51117095,
  "yearn-finance": 120128615.12934618,
  "fluid-lite": 138969542.04433325,
  "liquity-v1": 137115119.3906793,
  "aave-v2": 88388596.53128526,
  "compound-v2": 92012096.93013108,
  "liquity-v2": 76358385.59285782,
  "curve-llamalend": 62064961.564778455,
  "balancer-v2": 22167438.20505292,
  "balancer-v3": 11041479.275270626,
  "mellow-restaking": 21015357.655265786,
  "gearbox": 15402290.455490254,
  "0x": null,
  "cowswap": null,
  "matcha": null,
  "1inch": null
 },
 "volume_by_name": {
  "CoWSwap": {
   "h24": 23662271,
   "d30": 2311675894
  },
  "0x Aggregator": {
   "h24": 105899741,
   "d30": 2371755452
  }
 }
}