{
 "as_of": "2026-07-03T06:45:48.761Z",
 "eth_tvl_by_slug": {
  "lido": 15575193605.177856,
  "aave-v3": 10133308077.031183,
  "morpho-blue": 3399232206.730803,
  "sparklend": 3578623640.17567,
  "spark-liquidity-layer": 1761697272.0976877,
  "spark-savings": 1400859371.4014115,
  "uniswap-v3": 841149499.0566461,
  "curve-dex": 1181404636.8633318,
  "compound-v3": 995289440.8136382,
  "pendle": 636778996.8362508,
  "rocket-pool": 903234906.2135687,
  "uniswap-v4": 615916072.3140339,
  "uniswap-v2": 590416026.5837064,
  "fluid-lending": 418371560.1255012,
  "euler-v2": 107796002.01474379,
  "fluid-dex": 145345718.33598855,
  "mellow-core": 198259394.78681755,
  "balancer-v3": 141103755.10885155,
  "aave-v4": 147566652.22514018,
  "yearn-finance": 113224660.12273416,
  "liquity-v1": 126334346.18190795,
  "fluid-lite": 120716512.39141801,
  "aave-v2": 85609770.71339321,
  "compound-v2": 88819512.53058116,
  "liquity-v2": 72452586.3177444,
  "curve-llamalend": 60557662.85294371,
  "balancer-v2": 21312001.02278564,
  "mellow-restaking": 19982901.737641003,
  "gearbox": 14808087.984834459,
  "1inch": 2195690.2685312806,
  "0x": null,
  "cowswap": null,
  "matcha": null
 },
 "volume_by_name": {
  "1inch": {
   "h24": 12922289,
   "d30": 2052740986
  },
  "CoWSwap": {
   "h24": 83807048,
   "d30": 3082709994
  },
  "0x Aggregator": {
   "h24": 79646554,
   "d30": 2244415435
  }
 }
}