{
 "as_of": "2026-07-07T06:58:55.870Z",
 "eth_tvl_by_slug": {
  "lido": 16160050154.6595,
  "aave-v3": 10359766379.269253,
  "morpho-blue": 3448847575.395356,
  "sparklend": 3679819025.4579945,
  "spark-liquidity-layer": 1762718944.7144034,
  "spark-savings": 1410879989.663696,
  "uniswap-v3": 849681544.2175375,
  "curve-dex": 1200435033.0269718,
  "compound-v3": 1022848925.0268896,
  "pendle": 634105377.0473868,
  "rocket-pool": 934602141.9066651,
  "uniswap-v4": 623278892.0686452,
  "uniswap-v2": 639500611.2581317,
  "fluid-lending": 408644965.8301213,
  "euler-v2": 109898133.73753451,
  "fluid-dex": 168630206.615936,
  "mellow-core": 247662395.11523685,
  "balancer-v3": 167435352.32755074,
  "aave-v4": 154299309.78723347,
  "yearn-finance": 114381766.20316829,
  "liquity-v1": 130679326.6213375,
  "fluid-lite": 127797376.10726756,
  "aave-v2": 86967803.58811225,
  "compound-v2": 91080053.11503395,
  "liquity-v2": 74063889.99672467,
  "curve-llamalend": 60836304.25948044,
  "balancer-v2": 22185317.827508412,
  "mellow-restaking": 20354078.16722034,
  "gearbox": 15199946.60523293,
  "1inch": 2252502.9736020225,
  "0x": null,
  "cowswap": null,
  "matcha": null
 },
 "volume_by_name": {
  "1inch": {
   "h24": 78483164,
   "d30": 1887674229
  },
  "CoWSwap": {
   "h24": 63751309,
   "d30": 2551979017
  },
  "0x Aggregator": {
   "h24": 59971769,
   "d30": 2068222625
  }
 }
}