{
 "as_of": "2026-07-09T06:57:59.041Z",
 "eth_tvl_by_slug": {
  "lido": 15976603610.26685,
  "aave-v3": 10195934000.398888,
  "morpho-blue": 3457352779.155108,
  "sparklend": 3603780438.353529,
  "spark-liquidity-layer": 1612907772.4803631,
  "uniswap-v3": 843152306.4330478,
  "curve-dex": 1182576716.940842,
  "spark-savings": 1019762850.1476988,
  "compound-v3": 1017520862.325169,
  "pendle": 626398508.3003919,
  "rocket-pool": 923386831.596575,
  "uniswap-v4": 618158905.7560915,
  "uniswap-v2": 646425279.7983092,
  "fluid-lending": 415887283.631387,
  "euler-v2": 113099086.92182215,
  "fluid-dex": 168874526.64476317,
  "balancer-v3": 186933851.94224238,
  "mellow-core": 171210006.68261045,
  "aave-v4": 160567874.65997267,
  "yearn-finance": 114622617.0882321,
  "liquity-v1": 129170128.937796,
  "fluid-lite": 126864514.62842098,
  "aave-v2": 86370065.85487612,
  "compound-v2": 88702082.2500752,
  "liquity-v2": 71590544.01648156,
  "curve-llamalend": 60356564.485927634,
  "balancer-v2": 21512850.014321886,
  "mellow-restaking": 20042546.174636576,
  "gearbox": 15230783.360076625,
  "1inch": 2230018.385584417,
  "0x": null,
  "cowswap": null,
  "matcha": null
 },
 "volume_by_name": {
  "1inch": {
   "h24": 107318454,
   "d30": 1960283944
  },
  "CoWSwap": {
   "h24": 77919723,
   "d30": 2333165622
  },
  "0x Aggregator": {
   "h24": 79031149,
   "d30": 2110047538
  }
 }
}