{
 "as_of": "2026-06-28T07:13:45.293Z",
 "eth_tvl_by_slug": {
  "lido": 14258023090.969597,
  "aave-v3": 9610571193.53801,
  "morpho-blue": 3266317834.28767,
  "sparklend": 3402024980.38993,
  "spark-liquidity-layer": 2001779611.9701633,
  "spark-savings": 1396069564.8550546,
  "uniswap-v3": 811632527.9747177,
  "curve-dex": 1149771212.3331916,
  "compound-v3": 939119109.78774,
  "uniswap-v4": 836566409.1324729,
  "pendle": 587084956.929908,
  "rocket-pool": 838249022.0180047,
  "uniswap-v2": 593069547.9830711,
  "fluid-lending": 374413135.2607787,
  "euler-v2": 129639225.44397424,
  "fluid-dex": 118862977.21857613,
  "mellow-core": 176817713.3650534,
  "aave-v4": 147136408.4739093,
  "yearn-finance": 111458121.32049683,
  "balancer-v3": 112300442.45722876,
  "liquity-v1": 116597402.7421232,
  "fluid-lite": 112733589.81391007,
  "aave-v2": 83556242.41561836,
  "compound-v2": 85472352.72099295,
  "liquity-v2": 66603853.389954805,
  "curve-llamalend": 60677937.30629284,
  "balancer-v2": 21652672.26087512,
  "mellow-restaking": 18812732.54559382,
  "gearbox": 13704318.903429983,
  "1inch": 2077852.3144480481,
  "0x": null,
  "cowswap": null,
  "matcha": null
 },
 "volume_by_name": {
  "1inch": {
   "h24": 47509532,
   "d30": 1970977841
  },
  "CoWSwap": {
   "h24": 30318346,
   "d30": 3098181237
  },
  "0x Aggregator": {
   "h24": 137522948,
   "d30": 2214659701
  }
 }
}