{
 "as_of": "2026-06-30T07:06:22.586Z",
 "eth_tvl_by_slug": {
  "lido": 14419777991.971704,
  "aave-v3": 9602000202.065504,
  "morpho-blue": 3269592192.7102246,
  "sparklend": 3389855924.5595717,
  "spark-liquidity-layer": 1986073342.1410835,
  "spark-savings": 1393848416.5611243,
  "uniswap-v3": 806219575.600647,
  "curve-dex": 1141695706.870547,
  "compound-v3": 941702468.2065753,
  "uniswap-v4": 791864916.0662699,
  "pendle": 598509161.6790501,
  "rocket-pool": 844213589.0194981,
  "uniswap-v2": 579118726.4861534,
  "fluid-lending": 387637475.88271624,
  "euler-v2": 133452544.32326339,
  "fluid-dex": 122787820.55213687,
  "mellow-core": 181268127.04598805,
  "aave-v4": 154855365.13061535,
  "balancer-v3": 123441603.6876301,
  "yearn-finance": 112344429.3109772,
  "liquity-v1": 117435047.09519108,
  "fluid-lite": 112382697.55353701,
  "aave-v2": 83281889.10626173,
  "compound-v2": 85367839.72229028,
  "liquity-v2": 67560908.9649519,
  "curve-llamalend": 60562330.102185294,
  "balancer-v2": 21219849.09106277,
  "mellow-restaking": 18829368.056230992,
  "gearbox": 13845597.169894528,
  "1inch": 2077917.0124748102,
  "0x": null,
  "cowswap": null,
  "matcha": null
 },
 "volume_by_name": {
  "1inch": {
   "h24": 146680130,
   "d30": 2043543769
  },
  "CoWSwap": {
   "h24": 116438786,
   "d30": 3095893748
  },
  "0x Aggregator": {
   "h24": 54560877,
   "d30": 2165350745
  }
 }
}